{
  "results": {
    "Linear Regression": {
      "R2": 0.580696429717978,
      "MAE": 5530359.119015753,
      "MAPE": 39.38209862961081
    },
    "Ridge Regression": {
      "R2": 0.5806636267986676,
      "MAE": 5526421.902441098,
      "MAPE": 39.3163688551719
    },
    "Decision Tree": {
      "R2": 0.9442069442518909,
      "MAE": 1358854.4769879475,
      "MAPE": 8.489609381257381
    },
    "KNN": {
      "R2": 0.5163377647796362,
      "MAE": 5731998.571428571,
      "MAPE": 41.6827040123147
    },
    "Random Forest": {
      "R2": 0.9700465170784836,
      "MAE": 1018313.1862692741,
      "MAPE": 6.715299206505206
    },
    "Gradient Boosting": {
      "R2": 0.9800513381071292,
      "MAE": 918061.1041682446,
      "MAPE": 6.1343761310173495
    }
  },
  "best": "Gradient Boosting",
  "districts": [
    "Центр",
    "Запад",
    "Север",
    "Восток",
    "Юг",
    "Пригород"
  ]
}